Unnamed: 0,sysEname,time,triggername,is_root
0,SYS_8,2019-06-04 01:14:02,主机node_87 HTTP:http://*************，慢响应（调用耗时超过1000ms）次数：309次（大于阈值：200次）,0
1,SYS_9,2019-06-04 01:14:03,主机node_92 上CPU Steal Time持续5分钟超过10%,0
2,SYS_9,2019-06-04 01:14:04,主机node_75 空闲交换空间小于50%,0
3,SYS_5,2019-06-04 01:14:05,主机node_60 端口80通信异常,1
4,SYS_7,2019-06-04 01:14:05,主机node_53 HTTP:http://*************，慢响应（调用耗时超过1000ms）次数：309次（大于阈值：200次）,0
5,SYS_7,2019-06-04 01:14:06,主机node_61 FullGC平均耗时：2118ms（大于阈值：1000ms）,0
6,SYS_7,2019-06-04 01:14:07,主机node_24 FullGC平均耗时：2118ms（大于阈值：1000ms）,0
7,SYS_4,2019-06-04 01:14:09,主机node_77 FullGC次数：32次（大于阈值：10次）,0
8,SYS_8,2019-06-04 01:14:10,"主机node_88 空闲CPU为4.0%,持续15分钟小于10%",0
9,SYS_5,2019-06-04 01:14:12,主机node_14 上I/O等待负载持续15分钟超过10%,0
10,SYS_4,2019-06-04 01:14:12,主机node_9 日志产生ERROR信息,0
11,SYS_9,2019-06-04 01:14:13,主机node_92 上CPU Steal Time持续5分钟超过10%,0
12,SYS_9,2019-06-04 01:14:14,主机node_75 空闲交换空间小于50%,0
13,SYS_5,2019-06-04 01:14:15,主机node_60 端口80通信异常,1
14,SYS_4,2019-06-04 01:14:15,主机node_36 端口80通信异常,0
15,SYS_4,2019-06-04 01:14:22,主机node_13 **** 请求延时大于5分钟,0
16,SYS_5,2019-06-04 01:14:22,主机node_76 上I/O等待负载大于50%,0
17,SYS_7,2019-06-04 01:14:23,"主机node_23 ping丢包率100%,服务器宕机",0
18,SYS_9,2019-06-04 01:14:24,主机node_75 空闲交换空间小于50%,0
19,SYS_5,2019-06-04 01:14:25,主机node_60 端口80通信异常,1
20,SYS_3,2019-06-04 01:14:27,主机node_97 硬盘Slot 00状态为Failed,0
21,SYS_6,2019-06-04 01:14:28,主机node_32 FullGC平均耗时：2118ms（大于阈值：1000ms）,0
22,SYS_3,2019-06-04 01:14:28,主机node_3 端口80通信异常,0
23,SYS_4,2019-06-04 01:14:29,主机node_77 FullGC次数：32次（大于阈值：10次）,0
24,SYS_5,2019-06-04 01:14:32,主机node_14 上I/O等待负载持续15分钟超过10%,0
25,SYS_9,2019-06-04 01:14:33,主机node_92 上CPU Steal Time持续5分钟超过10%,0
26,SYS_5,2019-06-04 01:14:34,主机node_82 堆内存平均使用率：94.61%（大于阈值：90%）,0
27,SYS_5,2019-06-04 01:14:35,主机node_60 端口80通信异常,1
28,SYS_1,2019-06-04 01:14:36,主机node_4 FullGC平均耗时：2118ms（大于阈值：1000ms）,0
29,SYS_7,2019-06-04 01:14:37,主机node_24 FullGC平均耗时：2118ms（大于阈值：1000ms）,0
30,SYS_6,2019-06-04 01:14:37,主机node_35 堆内存平均使用率：94.61%（大于阈值：90%）,0
31,SYS_3,2019-06-04 01:14:38,主机node_3 端口80通信异常,0
32,SYS_3,2019-06-04 01:14:40,主机node_20 网卡流量unknown,0
33,SYS_5,2019-06-04 01:14:42,主机node_14 上I/O等待负载持续15分钟超过10%,0
34,SYS_5,2019-06-04 01:14:42,主机node_76 上I/O等待负载大于50%,0
35,SYS_4,2019-06-04 01:14:42,主机node_81 网卡流量unknown,0
36,SYS_9,2019-06-04 01:14:43,主机node_92 上CPU Steal Time持续5分钟超过10%,0
37,SYS_3,2019-06-04 01:14:43,主机node_28 上I/O等待负载大于50%,0
38,SYS_9,2019-06-04 01:14:44,主机node_75 空闲交换空间小于50%,0
39,SYS_5,2019-06-04 01:14:45,主机node_60 端口80通信异常,1
40,SYS_7,2019-06-04 01:14:47,主机node_24 FullGC平均耗时：2118ms（大于阈值：1000ms）,0
41,SYS_6,2019-06-04 01:14:48,主机node_32 FullGC平均耗时：2118ms（大于阈值：1000ms）,0
42,SYS_1,2019-06-04 01:14:50,"主机node_58 空闲CPU为1.52%,持续15分钟小于10%",0
43,SYS_4,2019-06-04 01:14:50,主机node_27 上CPU Steal Time持续5分钟超过10%,0
44,SYS_8,2019-06-04 01:14:50,"主机node_88 空闲CPU为4.0%,持续15分钟小于10%",0
45,SYS_5,2019-06-04 01:14:52,主机node_14 上I/O等待负载持续15分钟超过10%,0
46,SYS_3,2019-06-04 01:14:53,主机node_28 上I/O等待负载大于50%,0
47,SYS_7,2019-06-04 01:14:57,主机node_24 FullGC平均耗时：2118ms（大于阈值：1000ms）,0
48,SYS_6,2019-06-04 01:14:57,主机node_35 堆内存平均使用率：94.61%（大于阈值：90%）,0
49,SYS_4,2019-06-04 01:14:59,主机node_69 上CPU Steal Time持续5分钟超过10%,0
50,SYS_4,2019-06-04 01:14:59,主机node_13 上CPU Steal Time持续5分钟超过10%,0
51,SYS_4,2019-06-04 01:14:59,主机node_9 上I/O等待负载大于50%,0
52,SYS_8,2019-06-04 01:15:00,"主机node_88 空闲CPU为4.0%,持续15分钟小于10%",0
53,SYS_3,2019-06-04 01:15:00,主机node_20 网卡流量unknown,0
54,SYS_1,2019-06-04 01:15:00,"主机node_58 空闲CPU为1.52%,持续15分钟小于10%",0
55,SYS_5,2019-06-04 01:15:02,主机node_76 上I/O等待负载大于50%,0
56,SYS_1,2019-06-04 01:15:03,主机node_33 HTTP:http://*************，慢响应（调用耗时超过1000ms）次数：309次（大于阈值：200次）,0
57,SYS_9,2019-06-04 01:15:03,主机node_92 上CPU Steal Time持续5分钟超过10%,0
58,SYS_5,2019-06-04 01:15:04,"主机node_38 空闲CPU为1.52%,持续15分钟小于10%",0
59,SYS_7,2019-06-04 01:15:05,主机node_53 HTTP:http://*************，慢响应（调用耗时超过1000ms）次数：309次（大于阈值：200次）,0
60,SYS_5,2019-06-04 01:15:08,主机node_2 日志中有OutOfMemoryError信息,0
61,SYS_4,2019-06-04 01:15:09,主机node_9 上I/O等待负载大于50%,0
62,SYS_4,2019-06-04 01:15:09,主机node_69 上CPU Steal Time持续5分钟超过10%,0
63,SYS_4,2019-06-04 01:15:09,主机node_13 上CPU Steal Time持续5分钟超过10%,0
64,SYS_8,2019-06-04 01:15:10,"主机node_88 空闲CPU为4.0%,持续15分钟小于10%",0
65,SYS_9,2019-06-04 01:15:13,主机node_92 上CPU Steal Time持续5分钟超过10%,0
66,SYS_5,2019-06-04 01:15:14,"主机node_38 空闲CPU为1.52%,持续15分钟小于10%",0
67,SYS_6,2019-06-04 01:15:14,主机node_67 上I/O等待负载持续15分钟超过10%,0
68,SYS_9,2019-06-04 01:15:14,主机node_75 空闲交换空间小于50%,0
69,SYS_5,2019-06-04 01:15:14,主机node_82 堆内存平均使用率：94.61%（大于阈值：90%）,0
70,SYS_5,2019-06-04 01:15:15,主机node_60 端口80通信异常,1
71,SYS_2,2019-06-04 01:15:15,主机node_21 端口80通信异常,0
72,SYS_7,2019-06-04 01:15:17,主机node_24 FullGC平均耗时：2118ms（大于阈值：1000ms）,0
73,SYS_6,2019-06-04 01:15:18,主机node_32 FullGC平均耗时：2118ms（大于阈值：1000ms）,0
74,SYS_4,2019-06-04 01:15:19,主机node_69 上CPU Steal Time持续5分钟超过10%,0
75,SYS_4,2019-06-04 01:15:19,主机node_9 上I/O等待负载大于50%,0
76,SYS_10,2019-06-04 01:15:19,主机node_40 端口6060通信异常,0
77,SYS_4,2019-06-04 01:15:19,主机node_13 上CPU Steal Time持续5分钟超过10%,0
78,SYS_8,2019-06-04 01:15:20,"主机node_88 空闲CPU为4.0%,持续15分钟小于10%",0
79,SYS_5,2019-06-04 01:15:22,主机node_60 ping丢包率当前值为25%，持续2分钟平均大于20%,0
80,SYS_5,2019-06-04 01:15:22,主机node_76 上I/O等待负载大于50%,0
81,SYS_9,2019-06-04 01:15:23,主机node_92 上CPU Steal Time持续5分钟超过10%,0
82,SYS_6,2019-06-04 01:15:23,主机node_25 端口80通信异常,0
83,SYS_2,2019-06-04 01:15:24,主机node_45 日志产生ERROR信息,0
84,SYS_5,2019-06-04 01:15:25,主机node_60 端口80通信异常,1
85,SYS_8,2019-06-04 01:15:28,主机node_41 上CPU Steal Time持续5分钟超过10%,0
86,SYS_8,2019-06-04 01:15:28,主机node_95 日志中有No route to host信息,0
87,SYS_4,2019-06-04 01:15:29,主机node_69 上CPU Steal Time持续5分钟超过10%,0
88,SYS_10,2019-06-04 01:15:29,主机node_40 端口6060通信异常,0
89,SYS_4,2019-06-04 01:15:29,主机node_13 上CPU Steal Time持续5分钟超过10%,0
90,SYS_4,2019-06-04 01:15:29,主机node_9 上I/O等待负载大于50%,0
91,SYS_5,2019-06-04 01:15:32,主机node_76 上I/O等待负载大于50%,0
92,SYS_4,2019-06-04 01:15:32,主机node_13 **** 请求延时大于5分钟,0
93,SYS_5,2019-06-04 01:15:32,主机node_14 上I/O等待负载持续15分钟超过10%,0
94,SYS_9,2019-06-04 01:15:33,主机node_92 上CPU Steal Time持续5分钟超过10%,0
95,SYS_10,2019-06-04 01:15:33,主机node_52 上I/O等待负载持续15分钟超过10%,0
96,SYS_5,2019-06-04 01:15:34,"主机node_38 空闲CPU为1.52%,持续15分钟小于10%",0
97,SYS_7,2019-06-04 01:15:35,主机node_53 HTTP:http://*************，慢响应（调用耗时超过1000ms）次数：309次（大于阈值：200次）,0
98,SYS_4,2019-06-04 01:15:35,主机node_36 端口80通信异常,0
99,SYS_5,2019-06-04 01:15:35,主机node_60 端口80通信异常,1
100,SYS_1,2019-06-04 01:15:36,主机node_4 FullGC平均耗时：2118ms（大于阈值：1000ms）,0
101,SYS_8,2019-06-04 01:15:40,"主机node_88 空闲CPU为4.0%,持续15分钟小于10%",0
102,SYS_4,2019-06-04 01:15:42,主机node_9 日志产生ERROR信息,0
103,SYS_5,2019-06-04 01:15:42,主机node_76 上I/O等待负载大于50%,0
104,SYS_5,2019-06-04 01:15:42,主机node_14 上I/O等待负载持续15分钟超过10%,0
105,SYS_9,2019-06-04 01:15:42,主机node_80 分区剩余空间小于阀值10%,0
106,SYS_9,2019-06-04 01:15:43,主机node_92 上CPU Steal Time持续5分钟超过10%,0
107,SYS_5,2019-06-04 01:15:43,主机node_65 日志产生ERROR信息,0
108,SYS_9,2019-06-04 01:15:44,主机node_75 空闲交换空间小于50%,0
109,SYS_5,2019-06-04 01:15:45,主机node_85 url:http://node_85:80//访问失败,0
110,SYS_5,2019-06-04 01:15:45,主机node_60 端口80通信异常,1
111,SYS_1,2019-06-04 01:15:47,主机node_0 网卡eth0 接收流量持续10分钟平均值大于300M,0
112,SYS_6,2019-06-04 01:15:47,主机node_35 堆内存平均使用率：94.61%（大于阈值：90%）,0
113,SYS_8,2019-06-04 01:15:50,"主机node_88 空闲CPU为4.0%,持续15分钟小于10%",0
114,SYS_5,2019-06-04 01:15:52,主机node_14 上I/O等待负载持续15分钟超过10%,0
115,SYS_5,2019-06-04 01:15:52,主机node_76 上I/O等待负载大于50%,0
116,SYS_8,2019-06-04 01:15:52,主机node_87 HTTP:http://*************，慢响应（调用耗时超过1000ms）次数：309次（大于阈值：200次）,0
117,SYS_9,2019-06-04 01:15:53,主机node_92 上CPU Steal Time持续5分钟超过10%,0
118,SYS_6,2019-06-04 01:15:54,主机node_67 上I/O等待负载持续15分钟超过10%,0
119,SYS_4,2019-06-04 01:15:55,主机node_36 端口80通信异常,0
120,SYS_1,2019-06-04 01:16:01,主机node_15 sdd IO使用率持续30分钟大于90%,0
121,SYS_5,2019-06-04 01:16:02,主机node_14 上I/O等待负载持续15分钟超过10%,0
122,SYS_5,2019-06-04 01:16:03,主机node_6 sdd IO使用率持续30分钟大于90%,0
123,SYS_5,2019-06-04 01:16:05,主机node_60 端口80通信异常,1
124,SYS_3,2019-06-04 01:16:07,主机node_97 硬盘Slot 00状态为Failed,0
125,SYS_8,2019-06-04 01:16:08,主机node_41 上CPU Steal Time持续5分钟超过10%,0
126,SYS_3,2019-06-04 01:16:08,主机node_3 端口80通信异常,0
127,SYS_6,2019-06-04 01:16:08,主机node_32 FullGC平均耗时：2118ms（大于阈值：1000ms）,0
128,SYS_4,2019-06-04 01:16:09,主机node_9 上I/O等待负载大于50%,0
129,SYS_4,2019-06-04 01:16:09,主机node_13 上CPU Steal Time持续5分钟超过10%,0
130,SYS_4,2019-06-04 01:16:09,主机node_77 FullGC次数：32次（大于阈值：10次）,0
131,SYS_4,2019-06-04 01:16:09,主机node_69 上CPU Steal Time持续5分钟超过10%,0
132,SYS_4,2019-06-04 01:16:12,主机node_13 **** 请求延时大于5分钟,0
133,SYS_5,2019-06-04 01:16:13,主机node_65 日志产生ERROR信息,0
134,SYS_6,2019-06-04 01:16:14,主机node_67 上I/O等待负载持续15分钟超过10%,0
135,SYS_5,2019-06-04 01:16:14,"主机node_38 空闲CPU为1.52%,持续15分钟小于10%",0
136,SYS_5,2019-06-04 01:16:15,主机node_60 端口80通信异常,1
137,SYS_7,2019-06-04 01:16:17,主机node_24 FullGC平均耗时：2118ms（大于阈值：1000ms）,0
138,SYS_4,2019-06-04 01:16:22,主机node_13 **** 请求延时大于5分钟,0
139,SYS_5,2019-06-04 01:16:22,主机node_14 上I/O等待负载持续15分钟超过10%,0
140,SYS_5,2019-06-04 01:16:23,主机node_6 sdd IO使用率持续30分钟大于90%,0
141,SYS_6,2019-06-04 01:16:23,"主机node_48 空闲CPU为1.52%,持续15分钟小于10%",0
142,SYS_7,2019-06-04 01:16:23,"主机node_23 ping丢包率100%,服务器宕机",0
143,SYS_1,2019-06-04 01:16:23,主机node_33 HTTP:http://*************，慢响应（调用耗时超过1000ms）次数：309次（大于阈值：200次）,0
144,SYS_5,2019-06-04 01:16:25,主机node_60 端口80通信异常,1
145,SYS_4,2019-06-04 01:16:29,主机node_9 上I/O等待负载大于50%,0
146,SYS_4,2019-06-04 01:16:29,主机node_69 上CPU Steal Time持续5分钟超过10%,0
147,SYS_4,2019-06-04 01:16:29,主机node_13 上CPU Steal Time持续5分钟超过10%,0
148,SYS_8,2019-06-04 01:16:30,"主机node_88 空闲CPU为4.0%,持续15分钟小于10%",0
149,SYS_9,2019-06-04 01:16:33,主机node_92 上CPU Steal Time持续5分钟超过10%,0
150,SYS_5,2019-06-04 01:16:35,主机node_85 url:http://node_85:80//访问失败,0
151,SYS_1,2019-06-04 01:16:41,主机node_15 sdd IO使用率持续30分钟大于90%,0
152,SYS_10,2019-06-04 01:16:43,主机node_52 上I/O等待负载持续15分钟超过10%,0
153,SYS_5,2019-06-04 01:16:43,主机node_65 日志产生ERROR信息,0
154,SYS_6,2019-06-04 01:16:44,主机node_67 上I/O等待负载持续15分钟超过10%,0
155,SYS_4,2019-06-04 01:16:45,主机node_36 端口80通信异常,0
156,SYS_2,2019-06-04 01:16:45,主机node_21 端口80通信异常,0
157,SYS_6,2019-06-04 01:16:47,主机node_35 堆内存平均使用率：94.61%（大于阈值：90%）,0
158,SYS_3,2019-06-04 01:16:48,主机node_3 端口80通信异常,0
159,SYS_8,2019-06-04 01:16:50,"主机node_88 空闲CPU为4.0%,持续15分钟小于10%",0
160,SYS_6,2019-06-04 01:16:51,主机node_98 **application 停止运行,0
161,SYS_4,2019-06-04 01:16:52,主机node_9 日志产生ERROR信息,0
162,SYS_4,2019-06-04 01:16:52,主机node_13 **** 请求延时大于5分钟,0
163,SYS_6,2019-06-04 01:16:53,"主机node_48 空闲CPU为1.52%,持续15分钟小于10%",0
164,SYS_10,2019-06-04 01:16:53,主机node_52 上I/O等待负载持续15分钟超过10%,0
165,SYS_7,2019-06-04 01:16:55,主机node_53 HTTP:http://*************，慢响应（调用耗时超过1000ms）次数：309次（大于阈值：200次）,0
166,SYS_3,2019-06-04 01:16:57,主机node_97 硬盘Slot 00状态为Failed,0
167,SYS_4,2019-06-04 01:16:59,主机node_69 上CPU Steal Time持续5分钟超过10%,0
168,SYS_4,2019-06-04 01:16:59,主机node_9 上I/O等待负载大于50%,0
169,SYS_4,2019-06-04 01:16:59,主机node_13 上CPU Steal Time持续5分钟超过10%,0
170,SYS_4,2019-06-04 01:16:59,主机node_77 FullGC次数：32次（大于阈值：10次）,0
171,SYS_8,2019-06-04 01:17:00,"主机node_88 空闲CPU为4.0%,持续15分钟小于10%",0
172,SYS_3,2019-06-04 01:17:03,主机node_28 上I/O等待负载大于50%,0
173,SYS_6,2019-06-04 01:17:03,"主机node_48 空闲CPU为1.52%,持续15分钟小于10%",0
174,SYS_1,2019-06-04 01:17:03,主机node_33 HTTP:http://*************，慢响应（调用耗时超过1000ms）次数：309次（大于阈值：200次）,0
175,SYS_9,2019-06-04 01:17:03,主机node_92 上CPU Steal Time持续5分钟超过10%,0
176,SYS_5,2019-06-04 01:17:04,"主机node_38 空闲CPU为1.52%,持续15分钟小于10%",0
177,SYS_5,2019-06-04 01:17:04,主机node_82 堆内存平均使用率：94.61%（大于阈值：90%）,0
178,SYS_5,2019-06-04 01:17:05,主机node_60 端口80通信异常,1
179,SYS_5,2019-06-04 01:17:05,主机node_85 url:http://node_85:80//访问失败,0
180,SYS_1,2019-06-04 01:17:06,主机node_4 FullGC平均耗时：2118ms（大于阈值：1000ms）,0
181,SYS_3,2019-06-04 01:17:08,主机node_3 端口80通信异常,0
182,SYS_8,2019-06-04 01:17:10,"主机node_88 空闲CPU为4.0%,持续15分钟小于10%",0
183,SYS_1,2019-06-04 01:17:11,主机node_15 sdd IO使用率持续30分钟大于90%,0
184,SYS_5,2019-06-04 01:17:12,主机node_14 上I/O等待负载持续15分钟超过10%,0
185,SYS_4,2019-06-04 01:17:12,主机node_81 网卡流量unknown,0
186,SYS_1,2019-06-04 01:17:13,主机node_33 HTTP:http://*************，慢响应（调用耗时超过1000ms）次数：309次（大于阈值：200次）,0
187,SYS_5,2019-06-04 01:17:15,主机node_60 端口80通信异常,1
188,SYS_2,2019-06-04 01:17:15,主机node_21 端口80通信异常,0
189,SYS_1,2019-06-04 01:17:16,主机node_4 FullGC平均耗时：2118ms（大于阈值：1000ms）,0
190,SYS_3,2019-06-04 01:17:17,主机node_97 硬盘Slot 00状态为Failed,0
191,SYS_5,2019-06-04 01:17:22,主机node_14 上I/O等待负载持续15分钟超过10%,0
192,SYS_4,2019-06-04 01:17:22,主机node_13 **** 请求延时大于5分钟,0
193,SYS_9,2019-06-04 01:17:23,主机node_92 上CPU Steal Time持续5分钟超过10%,0
194,SYS_9,2019-06-04 01:17:23,主机node_16 日志产生ERROR信息,0
195,SYS_5,2019-06-04 01:17:24,"主机node_38 空闲CPU为1.52%,持续15分钟小于10%",0
196,SYS_5,2019-06-04 01:17:24,主机node_82 堆内存平均使用率：94.61%（大于阈值：90%）,0
197,SYS_6,2019-06-04 01:17:24,主机node_67 上I/O等待负载持续15分钟超过10%,0
198,SYS_4,2019-06-04 01:17:25,主机node_36 端口80通信异常,0
199,SYS_9,2019-06-04 01:17:26,主机node_22 url:http://node_22:80//访问失败,0
200,SYS_3,2019-06-04 01:17:27,主机node_97 硬盘Slot 00状态为Failed,0
201,SYS_3,2019-06-04 01:17:28,主机node_3 端口80通信异常,0
202,SYS_4,2019-06-04 01:17:29,主机node_77 FullGC次数：32次（大于阈值：10次）,0
203,SYS_5,2019-06-04 01:17:32,主机node_76 上I/O等待负载大于50%,0
204,SYS_4,2019-06-04 01:17:32,主机node_13 **** 请求延时大于5分钟,0
205,SYS_1,2019-06-04 01:17:33,主机node_33 HTTP:http://*************，慢响应（调用耗时超过1000ms）次数：309次（大于阈值：200次）,0
206,SYS_9,2019-06-04 01:17:34,主机node_75 空闲交换空间小于50%,0
207,SYS_5,2019-06-04 01:17:34,"主机node_38 空闲CPU为1.52%,持续15分钟小于10%",0
208,SYS_5,2019-06-04 01:17:35,主机node_85 url:http://node_85:80//访问失败,0
209,SYS_7,2019-06-04 01:17:36,主机node_61 FullGC平均耗时：2118ms（大于阈值：1000ms）,0
210,SYS_7,2019-06-04 01:17:37,主机node_24 FullGC平均耗时：2118ms（大于阈值：1000ms）,0
211,SYS_5,2019-06-04 01:17:42,主机node_14 上I/O等待负载持续15分钟超过10%,0
212,SYS_5,2019-06-04 01:17:42,主机node_76 上I/O等待负载大于50%,0
213,SYS_7,2019-06-04 01:17:43,"主机node_23 ping丢包率100%,服务器宕机",0
214,SYS_9,2019-06-04 01:17:44,主机node_75 空闲交换空间小于50%,0
215,SYS_5,2019-06-04 01:17:45,主机node_60 端口80通信异常,1
216,SYS_5,2019-06-04 01:17:47,主机node_76 网卡eth0 接收流量持续10分钟平均值大于300M,0
217,SYS_4,2019-06-04 01:17:49,主机node_9 上I/O等待负载大于50%,0
218,SYS_4,2019-06-04 01:17:49,主机node_13 上CPU Steal Time持续5分钟超过10%,0
219,SYS_4,2019-06-04 01:17:49,主机node_69 上CPU Steal Time持续5分钟超过10%,0
220,SYS_5,2019-06-04 01:17:52,主机node_76 上I/O等待负载大于50%,0
221,SYS_5,2019-06-04 01:17:53,主机node_65 日志产生ERROR信息,0
222,SYS_9,2019-06-04 01:17:53,主机node_92 上CPU Steal Time持续5分钟超过10%,0
223,SYS_6,2019-06-04 01:17:53,主机node_25 端口80通信异常,0
224,SYS_5,2019-06-04 01:17:54,主机node_82 堆内存平均使用率：94.61%（大于阈值：90%）,0
225,SYS_5,2019-06-04 01:17:54,"主机node_38 空闲CPU为1.52%,持续15分钟小于10%",0
226,SYS_9,2019-06-04 01:17:54,主机node_75 空闲交换空间小于50%,0
227,SYS_1,2019-06-04 01:17:56,主机node_4 FullGC平均耗时：2118ms（大于阈值：1000ms）,0
228,SYS_6,2019-06-04 01:17:57,主机node_35 堆内存平均使用率：94.61%（大于阈值：90%）,0
229,SYS_3,2019-06-04 01:17:57,主机node_97 硬盘Slot 00状态为Failed,0
230,SYS_8,2019-06-04 01:18:00,"主机node_88 空闲CPU为4.0%,持续15分钟小于10%",0
231,SYS_5,2019-06-04 01:18:02,主机node_14 上I/O等待负载持续15分钟超过10%,0
232,SYS_4,2019-06-04 01:18:02,主机node_81 网卡流量unknown,0
233,SYS_4,2019-06-04 01:18:02,主机node_9 日志产生ERROR信息,0
234,SYS_5,2019-06-04 01:18:02,主机node_76 上I/O等待负载大于50%,0
235,SYS_9,2019-06-04 01:18:03,主机node_92 上CPU Steal Time持续5分钟超过10%,0
236,SYS_7,2019-06-04 01:18:03,"主机node_23 ping丢包率100%,服务器宕机",0
237,SYS_6,2019-06-04 01:18:03,"主机node_48 空闲CPU为1.52%,持续15分钟小于10%",0
238,SYS_9,2019-06-04 01:18:04,主机node_75 空闲交换空间小于50%,0
239,SYS_5,2019-06-04 01:18:05,主机node_60 端口80通信异常,1
240,SYS_7,2019-06-04 01:18:07,主机node_24 FullGC平均耗时：2118ms（大于阈值：1000ms）,0
241,SYS_8,2019-06-04 01:18:08,主机node_41 上CPU Steal Time持续5分钟超过10%,0
242,SYS_5,2019-06-04 01:18:08,主机node_2 日志中有OutOfMemoryError信息,0
243,SYS_4,2019-06-04 01:18:09,主机node_9 上I/O等待负载大于50%,0
244,SYS_4,2019-06-04 01:18:09,主机node_69 上CPU Steal Time持续5分钟超过10%,0
245,SYS_4,2019-06-04 01:18:09,主机node_77 FullGC次数：32次（大于阈值：10次）,0
246,SYS_4,2019-06-04 01:18:09,主机node_13 上CPU Steal Time持续5分钟超过10%,0
247,SYS_8,2019-06-04 01:18:10,"主机node_88 空闲CPU为4.0%,持续15分钟小于10%",0
248,SYS_1,2019-06-04 01:18:10,"主机node_58 空闲CPU为1.52%,持续15分钟小于10%",0
249,SYS_4,2019-06-04 01:18:12,主机node_81 网卡流量unknown,0
250,SYS_5,2019-06-04 01:18:13,主机node_65 日志产生ERROR信息,0
251,SYS_9,2019-06-04 01:18:13,主机node_92 上CPU Steal Time持续5分钟超过10%,0
252,SYS_5,2019-06-04 01:18:14,主机node_82 堆内存平均使用率：94.61%（大于阈值：90%）,0
253,SYS_5,2019-06-04 01:18:14,"主机node_38 空闲CPU为1.52%,持续15分钟小于10%",0
254,SYS_5,2019-06-04 01:18:15,主机node_60 端口80通信异常,1
255,SYS_7,2019-06-04 01:18:15,主机node_53 HTTP:http://*************，慢响应（调用耗时超过1000ms）次数：309次（大于阈值：200次）,0
256,SYS_7,2019-06-04 01:18:16,主机node_61 FullGC平均耗时：2118ms（大于阈值：1000ms）,0
257,SYS_6,2019-06-04 01:18:18,主机node_32 FullGC平均耗时：2118ms（大于阈值：1000ms）,0
258,SYS_4,2019-06-04 01:18:19,主机node_77 FullGC次数：32次（大于阈值：10次）,0
259,SYS_4,2019-06-04 01:18:20,"主机node_72 ping丢包率100%,服务器宕机",0
260,SYS_8,2019-06-04 01:18:20,"主机node_88 空闲CPU为4.0%,持续15分钟小于10%",0
261,SYS_6,2019-06-04 01:18:21,主机node_98 **application 停止运行,0
262,SYS_5,2019-06-04 01:18:22,主机node_76 上I/O等待负载大于50%,0
263,SYS_5,2019-06-04 01:18:23,主机node_6 sdd IO使用率持续30分钟大于90%,0
264,SYS_7,2019-06-04 01:18:23,"主机node_23 ping丢包率100%,服务器宕机",0
265,SYS_9,2019-06-04 01:18:23,主机node_92 上CPU Steal Time持续5分钟超过10%,0
266,SYS_9,2019-06-04 01:18:24,主机node_75 空闲交换空间小于50%,0
267,SYS_5,2019-06-04 01:18:24,主机node_82 堆内存平均使用率：94.61%（大于阈值：90%）,0
268,SYS_5,2019-06-04 01:18:25,主机node_85 url:http://node_85:80//访问失败,0
269,SYS_5,2019-06-04 01:18:25,主机node_60 端口80通信异常,1
270,SYS_1,2019-06-04 01:18:27,主机node_0 网卡eth0 接收流量持续10分钟平均值大于300M,0
271,SYS_4,2019-06-04 01:18:29,主机node_13 上CPU Steal Time持续5分钟超过10%,0
272,SYS_4,2019-06-04 01:18:29,主机node_69 上CPU Steal Time持续5分钟超过10%,0
273,SYS_4,2019-06-04 01:18:29,主机node_9 上I/O等待负载大于50%,0
274,SYS_4,2019-06-04 01:18:30,"主机node_72 ping丢包率100%,服务器宕机",0
275,SYS_4,2019-06-04 01:18:30,主机node_27 上CPU Steal Time持续5分钟超过10%,0
276,SYS_8,2019-06-04 01:18:30,"主机node_88 空闲CPU为4.0%,持续15分钟小于10%",0
277,SYS_5,2019-06-04 01:18:32,主机node_76 上I/O等待负载大于50%,0
278,SYS_4,2019-06-04 01:18:32,主机node_81 网卡流量unknown,0
279,SYS_5,2019-06-04 01:18:33,主机node_65 日志产生ERROR信息,0
280,SYS_9,2019-06-04 01:18:33,主机node_92 上CPU Steal Time持续5分钟超过10%,0
281,SYS_4,2019-06-04 01:18:35,主机node_36 端口80通信异常,0
282,SYS_6,2019-06-04 01:18:38,主机node_32 FullGC平均耗时：2118ms（大于阈值：1000ms）,0
283,SYS_5,2019-06-04 01:18:42,主机node_14 上I/O等待负载持续15分钟超过10%,0
284,SYS_5,2019-06-04 01:18:42,主机node_76 上I/O等待负载大于50%,0
285,SYS_10,2019-06-04 01:18:43,主机node_52 上I/O等待负载持续15分钟超过10%,0
286,SYS_7,2019-06-04 01:18:43,"主机node_23 ping丢包率100%,服务器宕机",0
287,SYS_5,2019-06-04 01:18:43,主机node_6 sdd IO使用率持续30分钟大于90%,0
288,SYS_7,2019-06-04 01:18:45,主机node_53 HTTP:http://*************，慢响应（调用耗时超过1000ms）次数：309次（大于阈值：200次）,0
289,SYS_5,2019-06-04 01:18:45,主机node_85 url:http://node_85:80//访问失败,0
290,SYS_5,2019-06-04 01:18:45,主机node_60 端口80通信异常,1
291,SYS_6,2019-06-04 01:18:48,主机node_32 FullGC平均耗时：2118ms（大于阈值：1000ms）,0
292,SYS_4,2019-06-04 01:18:50,"主机node_72 ping丢包率100%,服务器宕机",0
293,SYS_8,2019-06-04 01:18:50,"主机node_88 空闲CPU为4.0%,持续15分钟小于10%",0
294,SYS_4,2019-06-04 01:18:52,主机node_81 网卡流量unknown,0
295,SYS_5,2019-06-04 01:18:53,主机node_65 日志产生ERROR信息,0
296,SYS_9,2019-06-04 01:18:53,主机node_92 上CPU Steal Time持续5分钟超过10%,0
297,SYS_5,2019-06-04 01:18:55,主机node_60 端口80通信异常,1
298,SYS_1,2019-06-04 01:18:57,主机node_0 网卡eth0 接收流量持续10分钟平均值大于300M,0
299,SYS_4,2019-06-04 01:18:59,主机node_13 上CPU Steal Time持续5分钟超过10%,0
300,SYS_10,2019-06-04 01:18:59,主机node_40 端口6060通信异常,0
301,SYS_4,2019-06-04 01:18:59,主机node_69 上CPU Steal Time持续5分钟超过10%,0
302,SYS_4,2019-06-04 01:18:59,主机node_9 上I/O等待负载大于50%,0
303,SYS_4,2019-06-04 01:18:59,主机node_77 FullGC次数：32次（大于阈值：10次）,0
304,SYS_4,2019-06-04 01:19:00,主机node_27 上CPU Steal Time持续5分钟超过10%,0
305,SYS_5,2019-06-04 01:19:02,主机node_76 上I/O等待负载大于50%,0
306,SYS_5,2019-06-04 01:19:02,主机node_14 上I/O等待负载持续15分钟超过10%,0
307,SYS_6,2019-06-04 01:19:03,"主机node_48 空闲CPU为1.52%,持续15分钟小于10%",0
308,SYS_9,2019-06-04 01:19:03,主机node_92 上CPU Steal Time持续5分钟超过10%,0
309,SYS_4,2019-06-04 01:19:09,主机node_69 上CPU Steal Time持续5分钟超过10%,0
310,SYS_4,2019-06-04 01:19:09,主机node_13 上CPU Steal Time持续5分钟超过10%,0
311,SYS_4,2019-06-04 01:19:09,主机node_9 上I/O等待负载大于50%,0
312,SYS_8,2019-06-04 01:19:10,"主机node_88 空闲CPU为4.0%,持续15分钟小于10%",0
313,SYS_4,2019-06-04 01:19:10,主机node_27 上CPU Steal Time持续5分钟超过10%,0
314,SYS_6,2019-06-04 01:19:11,主机node_98 **application 停止运行,0
315,SYS_1,2019-06-04 01:19:11,主机node_15 sdd IO使用率持续30分钟大于90%,0
316,SYS_7,2019-06-04 01:19:13,"主机node_23 ping丢包率100%,服务器宕机",0
317,SYS_9,2019-06-04 01:19:13,主机node_92 上CPU Steal Time持续5分钟超过10%,0
318,SYS_5,2019-06-04 01:19:14,主机node_82 堆内存平均使用率：94.61%（大于阈值：90%）,0
319,SYS_9,2019-06-04 01:19:14,主机node_75 空闲交换空间小于50%,0
320,SYS_5,2019-06-04 01:19:15,主机node_60 端口80通信异常,1
321,SYS_7,2019-06-04 01:19:17,主机node_24 FullGC平均耗时：2118ms（大于阈值：1000ms）,0
322,SYS_3,2019-06-04 01:19:18,主机node_3 端口80通信异常,0
323,SYS_4,2019-06-04 01:19:19,主机node_77 FullGC次数：32次（大于阈值：10次）,0
324,SYS_4,2019-06-04 01:19:19,主机node_69 上CPU Steal Time持续5分钟超过10%,0
325,SYS_4,2019-06-04 01:19:19,主机node_13 上CPU Steal Time持续5分钟超过10%,0
326,SYS_4,2019-06-04 01:19:19,主机node_9 上I/O等待负载大于50%,0
327,SYS_8,2019-06-04 01:19:20,"主机node_88 空闲CPU为4.0%,持续15分钟小于10%",0
328,SYS_3,2019-06-04 01:19:20,主机node_20 网卡流量unknown,0
329,SYS_1,2019-06-04 01:19:20,"主机node_58 空闲CPU为1.52%,持续15分钟小于10%",0
330,SYS_5,2019-06-04 01:19:22,主机node_76 上I/O等待负载大于50%,0
331,SYS_3,2019-06-04 01:19:23,主机node_28 上I/O等待负载大于50%,0
332,SYS_9,2019-06-04 01:19:23,主机node_92 上CPU Steal Time持续5分钟超过10%,0
333,SYS_10,2019-06-04 01:19:23,主机node_52 上I/O等待负载持续15分钟超过10%,0
334,SYS_9,2019-06-04 01:19:24,主机node_75 空闲交换空间小于50%,0
335,SYS_5,2019-06-04 01:19:25,主机node_60 端口80通信异常,1
336,SYS_7,2019-06-04 01:19:27,主机node_24 FullGC平均耗时：2118ms（大于阈值：1000ms）,0
337,SYS_5,2019-06-04 01:19:28,主机node_2 日志中有OutOfMemoryError信息,0
338,SYS_4,2019-06-04 01:19:29,主机node_9 上I/O等待负载大于50%,0
339,SYS_1,2019-06-04 01:19:29,主机node_73 url:http://node_73:80//访问失败,0
340,SYS_4,2019-06-04 01:19:29,主机node_69 上CPU Steal Time持续5分钟超过10%,0
341,SYS_4,2019-06-04 01:19:29,主机node_13 上CPU Steal Time持续5分钟超过10%,0
342,SYS_8,2019-06-04 01:19:30,"主机node_88 空闲CPU为4.0%,持续15分钟小于10%",0
343,SYS_5,2019-06-04 01:19:32,主机node_76 上I/O等待负载大于50%,0
344,SYS_5,2019-06-04 01:19:32,主机node_14 JBOSS 8080端口的连接数大于400,0
345,SYS_5,2019-06-04 01:19:32,主机node_14 上I/O等待负载持续15分钟超过10%,0
346,SYS_6,2019-06-04 01:19:33,主机node_25 端口80通信异常,0
347,SYS_9,2019-06-04 01:19:34,主机node_75 空闲交换空间小于50%,0
348,SYS_2,2019-06-04 01:19:35,主机node_70 分区剩余空间小于阀值10%,0
349,SYS_6,2019-06-04 01:19:43,"主机node_48 空闲CPU为1.52%,持续15分钟小于10%",0
350,SYS_7,2019-06-04 01:19:44,主机node_89 FullGC平均耗时：2118ms（大于阈值：1000ms）,0
351,SYS_5,2019-06-04 01:19:45,主机node_60 端口80通信异常,1
352,SYS_7,2019-06-04 01:19:45,主机node_53 HTTP:http://*************，慢响应（调用耗时超过1000ms）次数：309次（大于阈值：200次）,0
353,SYS_7,2019-06-04 01:19:46,主机node_61 FullGC平均耗时：2118ms（大于阈值：1000ms）,0
354,SYS_4,2019-06-04 01:19:49,主机node_77 FullGC次数：32次（大于阈值：10次）,0
355,SYS_4,2019-06-04 01:19:49,主机node_9 上I/O等待负载大于50%,0
356,SYS_4,2019-06-04 01:19:49,主机node_69 上CPU Steal Time持续5分钟超过10%,0
357,SYS_4,2019-06-04 01:19:49,主机node_13 上CPU Steal Time持续5分钟超过10%,0
358,SYS_8,2019-06-04 01:19:50,"主机node_88 空闲CPU为4.0%,持续15分钟小于10%",0
359,SYS_5,2019-06-04 01:19:52,主机node_76 上I/O等待负载大于50%,0
360,SYS_4,2019-06-04 01:19:52,主机node_13 **** 请求延时大于5分钟,0
361,SYS_5,2019-06-04 01:19:52,主机node_14 上I/O等待负载持续15分钟超过10%,0
362,SYS_9,2019-06-04 01:19:53,主机node_92 上CPU Steal Time持续5分钟超过10%,0
363,SYS_5,2019-06-04 01:19:53,主机node_65 日志产生ERROR信息,0
364,SYS_6,2019-06-04 01:19:54,主机node_67 上I/O等待负载持续15分钟超过10%,0
365,SYS_4,2019-06-04 01:19:55,主机node_36 端口80通信异常,0
366,SYS_4,2019-06-04 01:19:59,主机node_13 上CPU Steal Time持续5分钟超过10%,0
367,SYS_4,2019-06-04 01:19:59,主机node_69 上CPU Steal Time持续5分钟超过10%,0
368,SYS_4,2019-06-04 01:19:59,主机node_9 上I/O等待负载大于50%,0
369,SYS_9,2019-06-04 01:20:03,主机node_92 上CPU Steal Time持续5分钟超过10%,0
370,SYS_7,2019-06-04 01:20:05,主机node_53 HTTP:http://*************，慢响应（调用耗时超过1000ms）次数：309次（大于阈值：200次）,0
371,SYS_1,2019-06-04 01:20:06,主机node_4 FullGC平均耗时：2118ms（大于阈值：1000ms）,0
372,SYS_7,2019-06-04 01:20:07,主机node_24 FullGC平均耗时：2118ms（大于阈值：1000ms）,0
373,SYS_3,2019-06-04 01:20:08,主机node_3 端口80通信异常,0
374,SYS_8,2019-06-04 01:20:10,"主机node_88 空闲CPU为4.0%,持续15分钟小于10%",0
375,SYS_5,2019-06-04 01:20:12,主机node_14 上I/O等待负载持续15分钟超过10%,0
376,SYS_5,2019-06-04 01:20:13,主机node_6 sdd IO使用率持续30分钟大于90%,0
377,SYS_10,2019-06-04 01:20:13,主机node_52 上I/O等待负载持续15分钟超过10%,0
378,SYS_6,2019-06-04 01:20:13,"主机node_48 空闲CPU为1.52%,持续15分钟小于10%",0
379,SYS_9,2019-06-04 01:20:14,主机node_75 空闲交换空间小于50%,0
380,SYS_1,2019-06-04 01:20:16,主机node_4 FullGC平均耗时：2118ms（大于阈值：1000ms）,0
381,SYS_4,2019-06-04 01:20:17,主机node_69 FullGC平均耗时：2118ms（大于阈值：1000ms）,0
382,SYS_5,2019-06-04 01:20:18,主机node_2 日志中有OutOfMemoryError信息,0
383,SYS_8,2019-06-04 01:20:20,"主机node_88 空闲CPU为4.0%,持续15分钟小于10%",0
384,SYS_1,2019-06-04 01:20:20,"主机node_58 空闲CPU为1.52%,持续15分钟小于10%",0
385,SYS_6,2019-06-04 01:20:22,主机node_46 网卡流量unknown,0
386,SYS_5,2019-06-04 01:20:22,主机node_14 上I/O等待负载持续15分钟超过10%,0
387,SYS_10,2019-06-04 01:20:23,主机node_52 上I/O等待负载持续15分钟超过10%,0
388,SYS_10,2019-06-04 01:20:26,主机node_29 网卡eth0 接收流量持续10分钟平均值大于300M,0
389,SYS_3,2019-06-04 01:20:28,主机node_3 端口80通信异常,0
390,SYS_5,2019-06-04 01:20:28,主机node_2 日志中有OutOfMemoryError信息,0
391,SYS_1,2019-06-04 01:20:30,"主机node_58 空闲CPU为1.52%,持续15分钟小于10%",0
392,SYS_6,2019-06-04 01:20:31,主机node_98 **application 停止运行,0
393,SYS_5,2019-06-04 01:20:32,主机node_14 上I/O等待负载持续15分钟超过10%,0
394,SYS_5,2019-06-04 01:20:32,主机node_76 上I/O等待负载大于50%,0
395,SYS_5,2019-06-04 01:20:33,主机node_6 sdd IO使用率持续30分钟大于90%,0
396,SYS_9,2019-06-04 01:20:33,主机node_92 上CPU Steal Time持续5分钟超过10%,0
397,SYS_1,2019-06-04 01:20:33,主机node_33 HTTP:http://*************，慢响应（调用耗时超过1000ms）次数：309次（大于阈值：200次）,0
398,SYS_4,2019-06-04 01:20:39,主机node_69 上CPU Steal Time持续5分钟超过10%,0
399,SYS_4,2019-06-04 01:20:39,主机node_9 上I/O等待负载大于50%,0
400,SYS_4,2019-06-04 01:20:39,主机node_13 上CPU Steal Time持续5分钟超过10%,0
401,SYS_8,2019-06-04 01:20:40,"主机node_88 空闲CPU为4.0%,持续15分钟小于10%",0
402,SYS_3,2019-06-04 01:20:40,主机node_20 网卡流量unknown,0
403,SYS_4,2019-06-04 01:20:40,"主机node_72 ping丢包率100%,服务器宕机",0
404,SYS_4,2019-06-04 01:20:40,主机node_27 上CPU Steal Time持续5分钟超过10%,0
405,SYS_4,2019-06-04 01:20:42,主机node_13 **** 请求延时大于5分钟,0
406,SYS_5,2019-06-04 01:20:42,主机node_14 上I/O等待负载持续15分钟超过10%,0
407,SYS_1,2019-06-04 01:20:43,主机node_33 HTTP:http://*************，慢响应（调用耗时超过1000ms）次数：309次（大于阈值：200次）,0
408,SYS_9,2019-06-04 01:20:43,主机node_92 上CPU Steal Time持续5分钟超过10%,0
409,SYS_6,2019-06-04 01:20:47,主机node_35 堆内存平均使用率：94.61%（大于阈值：90%）,0
410,SYS_4,2019-06-04 01:20:49,主机node_69 上CPU Steal Time持续5分钟超过10%,0
411,SYS_4,2019-06-04 01:20:49,主机node_9 上I/O等待负载大于50%,0
412,SYS_4,2019-06-04 01:20:49,主机node_13 上CPU Steal Time持续5分钟超过10%,0
413,SYS_4,2019-06-04 01:20:49,主机node_77 FullGC次数：32次（大于阈值：10次）,0
414,SYS_8,2019-06-04 01:20:50,"主机node_88 空闲CPU为4.0%,持续15分钟小于10%",0
415,SYS_4,2019-06-04 01:20:50,主机node_27 上CPU Steal Time持续5分钟超过10%,0
416,SYS_10,2019-06-04 01:20:50,主机node_90 硬盘Slot 00状态为Failed,0
417,SYS_5,2019-06-04 01:20:52,主机node_14 上I/O等待负载持续15分钟超过10%,0
418,SYS_5,2019-06-04 01:20:52,主机node_76 上I/O等待负载大于50%,0
419,SYS_9,2019-06-04 01:20:53,主机node_92 上CPU Steal Time持续5分钟超过10%,0
420,SYS_9,2019-06-04 01:20:54,主机node_75 空闲交换空间小于50%,0
421,SYS_2,2019-06-04 01:20:55,主机node_21 端口80通信异常,0
422,SYS_7,2019-06-04 01:20:55,主机node_53 HTTP:http://*************，慢响应（调用耗时超过1000ms）次数：309次（大于阈值：200次）,0
423,SYS_8,2019-06-04 01:21:00,"主机node_88 空闲CPU为4.0%,持续15分钟小于10%",0
424,SYS_4,2019-06-04 01:21:00,主机node_27 上CPU Steal Time持续5分钟超过10%,0
425,SYS_5,2019-06-04 01:21:02,主机node_76 上I/O等待负载大于50%,0
426,SYS_5,2019-06-04 01:21:02,主机node_14 上I/O等待负载持续15分钟超过10%,0
427,SYS_6,2019-06-04 01:21:02,主机node_46 网卡流量unknown,0
428,SYS_3,2019-06-04 01:21:03,主机node_28 上I/O等待负载大于50%,0
429,SYS_9,2019-06-04 01:21:03,主机node_92 上CPU Steal Time持续5分钟超过10%,0
430,SYS_5,2019-06-04 01:21:03,主机node_65 日志产生ERROR信息,0
431,SYS_1,2019-06-04 01:21:03,主机node_33 HTTP:http://*************，慢响应（调用耗时超过1000ms）次数：309次（大于阈值：200次）,0
432,SYS_5,2019-06-04 01:21:05,主机node_85 url:http://node_85:80//访问失败,0
433,SYS_3,2019-06-04 01:21:08,主机node_3 端口80通信异常,0
434,SYS_4,2019-06-04 01:21:10,主机node_27 上CPU Steal Time持续5分钟超过10%,0
435,SYS_10,2019-06-04 01:21:10,主机node_90 硬盘Slot 00状态为Failed,0
436,SYS_8,2019-06-04 01:21:10,"主机node_88 空闲CPU为4.0%,持续15分钟小于10%",0
437,SYS_7,2019-06-04 01:21:13,"主机node_23 ping丢包率100%,服务器宕机",0
438,SYS_9,2019-06-04 01:21:14,主机node_75 空闲交换空间小于50%,0
439,SYS_5,2019-06-04 01:21:15,主机node_60 端口80通信异常,1
440,SYS_4,2019-06-04 01:21:15,主机node_36 端口80通信异常,0
441,SYS_4,2019-06-04 01:21:19,主机node_9 上I/O等待负载大于50%,0
442,SYS_4,2019-06-04 01:21:19,主机node_13 上CPU Steal Time持续5分钟超过10%,0
443,SYS_4,2019-06-04 01:21:19,主机node_69 上CPU Steal Time持续5分钟超过10%,0
444,SYS_10,2019-06-04 01:21:20,主机node_90 硬盘Slot 00状态为Failed,0
445,SYS_6,2019-06-04 01:21:22,主机node_46 网卡流量unknown,0
446,SYS_5,2019-06-04 01:21:22,主机node_14 上I/O等待负载持续15分钟超过10%,0
447,SYS_5,2019-06-04 01:21:22,主机node_14 JBOSS 8080端口的连接数大于400,0
448,SYS_6,2019-06-04 01:21:23,"主机node_48 空闲CPU为1.52%,持续15分钟小于10%",0
449,SYS_3,2019-06-04 01:21:23,主机node_28 上I/O等待负载大于50%,0
450,SYS_9,2019-06-04 01:21:24,主机node_75 空闲交换空间小于50%,0
451,SYS_5,2019-06-04 01:21:24,主机node_82 堆内存平均使用率：94.61%（大于阈值：90%）,0
452,SYS_5,2019-06-04 01:21:25,主机node_60 端口80通信异常,1
453,SYS_7,2019-06-04 01:21:27,主机node_24 FullGC平均耗时：2118ms（大于阈值：1000ms）,0
454,SYS_3,2019-06-04 01:21:28,主机node_3 端口80通信异常,0
455,SYS_4,2019-06-04 01:21:30,主机node_27 上CPU Steal Time持续5分钟超过10%,0
456,SYS_6,2019-06-04 01:21:32,主机node_46 网卡流量unknown,0
457,SYS_5,2019-06-04 01:21:32,主机node_76 上I/O等待负载大于50%,0
458,SYS_5,2019-06-04 01:21:32,主机node_14 上I/O等待负载持续15分钟超过10%,0
459,SYS_7,2019-06-04 01:21:33,"主机node_23 ping丢包率100%,服务器宕机",0
460,SYS_1,2019-06-04 01:21:33,主机node_33 HTTP:http://*************，慢响应（调用耗时超过1000ms）次数：309次（大于阈值：200次）,0
461,SYS_7,2019-06-04 01:21:34,主机node_89 FullGC平均耗时：2118ms（大于阈值：1000ms）,0
462,SYS_5,2019-06-04 01:21:34,主机node_82 堆内存平均使用率：94.61%（大于阈值：90%）,0
463,SYS_1,2019-06-04 01:21:36,主机node_4 FullGC平均耗时：2118ms（大于阈值：1000ms）,0
464,SYS_6,2019-06-04 01:21:38,主机node_32 FullGC平均耗时：2118ms（大于阈值：1000ms）,0
465,SYS_3,2019-06-04 01:21:38,主机node_3 端口80通信异常,0
466,SYS_4,2019-06-04 01:21:40,"主机node_72 ping丢包率100%,服务器宕机",0
467,SYS_4,2019-06-04 01:21:40,主机node_27 上CPU Steal Time持续5分钟超过10%,0
468,SYS_5,2019-06-04 01:21:42,主机node_76 上I/O等待负载大于50%,0
469,SYS_9,2019-06-04 01:21:43,主机node_92 上CPU Steal Time持续5分钟超过10%,0
470,SYS_5,2019-06-04 01:21:43,主机node_6 sdd IO使用率持续30分钟大于90%,0
471,SYS_9,2019-06-04 01:21:44,主机node_75 空闲交换空间小于50%,0
472,SYS_4,2019-06-04 01:21:45,主机node_13 日志产生ERROR信息,0
473,SYS_4,2019-06-04 01:21:45,主机node_36 端口80通信异常,0
474,SYS_6,2019-06-04 01:21:47,主机node_35 堆内存平均使用率：94.61%（大于阈值：90%）,0
475,SYS_4,2019-06-04 01:21:50,主机node_27 上CPU Steal Time持续5分钟超过10%,0
476,SYS_8,2019-06-04 01:21:50,"主机node_88 空闲CPU为4.0%,持续15分钟小于10%",0
477,SYS_1,2019-06-04 01:21:51,主机node_15 sdd IO使用率持续30分钟大于90%,0
478,SYS_5,2019-06-04 01:21:52,主机node_14 上I/O等待负载持续15分钟超过10%,0
479,SYS_9,2019-06-04 01:21:53,主机node_92 上CPU Steal Time持续5分钟超过10%,0
480,SYS_3,2019-06-04 01:21:53,主机node_28 上I/O等待负载大于50%,0
481,SYS_7,2019-06-04 01:21:53,"主机node_23 ping丢包率100%,服务器宕机",0
482,SYS_5,2019-06-04 01:21:54,主机node_82 堆内存平均使用率：94.61%（大于阈值：90%）,0
483,SYS_5,2019-06-04 01:21:55,主机node_60 端口80通信异常,1
484,SYS_6,2019-06-04 01:21:57,主机node_35 堆内存平均使用率：94.61%（大于阈值：90%）,0
485,SYS_5,2019-06-04 01:21:58,主机node_2 日志中有OutOfMemoryError信息,0
486,SYS_8,2019-06-04 01:22:00,"主机node_88 空闲CPU为4.0%,持续15分钟小于10%",0
487,SYS_1,2019-06-04 01:22:01,主机node_15 sdd IO使用率持续30分钟大于90%,0
488,SYS_4,2019-06-04 01:22:02,主机node_9 日志产生ERROR信息,0
489,SYS_5,2019-06-04 01:22:02,主机node_76 上I/O等待负载大于50%,0
490,SYS_4,2019-06-04 01:22:02,主机node_13 **** 请求延时大于5分钟,0
491,SYS_7,2019-06-04 01:22:06,主机node_61 FullGC平均耗时：2118ms（大于阈值：1000ms）,0
492,SYS_6,2019-06-04 01:22:07,主机node_35 堆内存平均使用率：94.61%（大于阈值：90%）,0
493,SYS_3,2019-06-04 01:22:08,主机node_3 端口80通信异常,0
494,SYS_6,2019-06-04 01:22:08,主机node_32 FullGC平均耗时：2118ms（大于阈值：1000ms）,0
495,SYS_8,2019-06-04 01:22:10,"主机node_88 空闲CPU为4.0%,持续15分钟小于10%",0
496,SYS_5,2019-06-04 01:22:12,主机node_76 上I/O等待负载大于50%,0
497,SYS_4,2019-06-04 01:22:12,主机node_9 日志产生ERROR信息,0
498,SYS_5,2019-06-04 01:22:12,主机node_14 上I/O等待负载持续15分钟超过10%,0
499,SYS_10,2019-06-04 01:22:13,主机node_52 上I/O等待负载持续15分钟超过10%,0
500,SYS_1,2019-06-04 01:22:13,主机node_33 HTTP:http://*************，慢响应（调用耗时超过1000ms）次数：309次（大于阈值：200次）,0
501,SYS_9,2019-06-04 01:22:14,主机node_75 空闲交换空间小于50%,0
502,SYS_4,2019-06-04 01:22:15,主机node_36 端口80通信异常,0
503,SYS_1,2019-06-04 01:22:16,主机node_4 FullGC平均耗时：2118ms（大于阈值：1000ms）,0
504,SYS_6,2019-06-04 01:22:17,主机node_35 堆内存平均使用率：94.61%（大于阈值：90%）,0
505,SYS_7,2019-06-04 01:22:17,主机node_24 FullGC平均耗时：2118ms（大于阈值：1000ms）,0
506,SYS_4,2019-06-04 01:22:20,主机node_27 上CPU Steal Time持续5分钟超过10%,0
507,SYS_5,2019-06-04 01:22:22,主机node_14 上I/O等待负载持续15分钟超过10%,0
508,SYS_9,2019-06-04 01:22:22,主机node_80 分区剩余空间小于阀值10%,0
509,SYS_3,2019-06-04 01:22:23,主机node_28 上I/O等待负载大于50%,0
510,SYS_1,2019-06-04 01:22:23,主机node_33 HTTP:http://*************，慢响应（调用耗时超过1000ms）次数：309次（大于阈值：200次）,0
511,SYS_5,2019-06-04 01:22:25,主机node_60 端口80通信异常,1
512,SYS_5,2019-06-04 01:22:25,主机node_85 url:http://node_85:80//访问失败,0
513,SYS_1,2019-06-04 01:22:26,主机node_4 FullGC平均耗时：2118ms（大于阈值：1000ms）,0
514,SYS_8,2019-06-04 01:22:30,"主机node_88 空闲CPU为4.0%,持续15分钟小于10%",0
515,SYS_5,2019-06-04 01:22:32,主机node_76 上I/O等待负载大于50%,0
516,SYS_4,2019-06-04 01:22:32,主机node_9 日志产生ERROR信息,0
517,SYS_4,2019-06-04 01:22:35,主机node_36 端口80通信异常,0
518,SYS_1,2019-06-04 01:22:36,主机node_4 FullGC平均耗时：2118ms（大于阈值：1000ms）,0
519,SYS_8,2019-06-04 01:22:38,主机node_95 日志中有No route to host信息,0
520,SYS_8,2019-06-04 01:22:38,主机node_41 上CPU Steal Time持续5分钟超过10%,0
521,SYS_4,2019-06-04 01:22:39,主机node_9 上I/O等待负载大于50%,0
522,SYS_4,2019-06-04 01:22:39,主机node_69 上CPU Steal Time持续5分钟超过10%,0
523,SYS_4,2019-06-04 01:22:39,主机node_13 上CPU Steal Time持续5分钟超过10%,0
524,SYS_5,2019-06-04 01:22:42,主机node_76 上I/O等待负载大于50%,0
525,SYS_9,2019-06-04 01:22:43,主机node_92 上CPU Steal Time持续5分钟超过10%,0
526,SYS_7,2019-06-04 01:22:45,主机node_53 HTTP:http://*************，慢响应（调用耗时超过1000ms）次数：309次（大于阈值：200次）,0
527,SYS_8,2019-06-04 01:22:48,主机node_95 日志中有No route to host信息,0
528,SYS_8,2019-06-04 01:22:50,"主机node_88 空闲CPU为4.0%,持续15分钟小于10%",0
529,SYS_5,2019-06-04 01:22:52,主机node_14 上I/O等待负载持续15分钟超过10%,0
530,SYS_5,2019-06-04 01:22:52,主机node_76 上I/O等待负载大于50%,0
531,SYS_4,2019-06-04 01:22:52,主机node_13 **** 请求延时大于5分钟,0
532,SYS_1,2019-06-04 01:22:53,主机node_33 HTTP:http://*************，慢响应（调用耗时超过1000ms）次数：309次（大于阈值：200次）,0
533,SYS_10,2019-06-04 01:22:53,主机node_52 上I/O等待负载持续15分钟超过10%,0
534,SYS_9,2019-06-04 01:22:54,主机node_75 空闲交换空间小于50%,0
535,SYS_5,2019-06-04 01:22:54,"主机node_38 空闲CPU为1.52%,持续15分钟小于10%",0
536,SYS_5,2019-06-04 01:22:55,主机node_85 url:http://node_85:80//访问失败,0
537,SYS_7,2019-06-04 01:22:56,主机node_61 FullGC平均耗时：2118ms（大于阈值：1000ms）,0
538,SYS_1,2019-06-04 01:22:56,主机node_4 FullGC平均耗时：2118ms（大于阈值：1000ms）,0
539,SYS_4,2019-06-04 01:23:02,主机node_13 **** 请求延时大于5分钟,0
540,SYS_4,2019-06-04 01:23:02,主机node_81 网卡流量unknown,0
541,SYS_5,2019-06-04 01:23:02,主机node_14 上I/O等待负载持续15分钟超过10%,0
542,SYS_10,2019-06-04 01:23:03,主机node_52 上I/O等待负载持续15分钟超过10%,0
543,SYS_6,2019-06-04 01:23:03,"主机node_48 空闲CPU为1.52%,持续15分钟小于10%",0
544,SYS_1,2019-06-04 01:23:03,主机node_33 HTTP:http://*************，慢响应（调用耗时超过1000ms）次数：309次（大于阈值：200次）,0
545,SYS_9,2019-06-04 01:23:04,主机node_75 空闲交换空间小于50%,0
546,SYS_5,2019-06-04 01:23:04,主机node_82 堆内存平均使用率：94.61%（大于阈值：90%）,0
547,SYS_7,2019-06-04 01:23:05,主机node_53 HTTP:http://*************，慢响应（调用耗时超过1000ms）次数：309次（大于阈值：200次）,0
548,SYS_1,2019-06-04 01:23:06,主机node_4 FullGC平均耗时：2118ms（大于阈值：1000ms）,0
549,SYS_4,2019-06-04 01:23:09,主机node_69 上CPU Steal Time持续5分钟超过10%,0
550,SYS_4,2019-06-04 01:23:09,主机node_9 上I/O等待负载大于50%,0
551,SYS_4,2019-06-04 01:23:09,主机node_13 上CPU Steal Time持续5分钟超过10%,0
552,SYS_8,2019-06-04 01:23:10,"主机node_88 空闲CPU为4.0%,持续15分钟小于10%",0
553,SYS_5,2019-06-04 01:23:12,主机node_14 上I/O等待负载持续15分钟超过10%,0
554,SYS_4,2019-06-04 01:23:12,主机node_13 **** 请求延时大于5分钟,0
555,SYS_1,2019-06-04 01:23:13,主机node_33 HTTP:http://*************，慢响应（调用耗时超过1000ms）次数：309次（大于阈值：200次）,0
556,SYS_9,2019-06-04 01:23:13,主机node_92 上CPU Steal Time持续5分钟超过10%,0
557,SYS_7,2019-06-04 01:23:13,"主机node_23 ping丢包率100%,服务器宕机",0
558,SYS_6,2019-06-04 01:23:14,主机node_67 上I/O等待负载持续15分钟超过10%,0
559,SYS_5,2019-06-04 01:23:14,主机node_82 堆内存平均使用率：94.61%（大于阈值：90%）,0
560,SYS_5,2019-06-04 01:23:15,主机node_60 端口80通信异常,1
561,SYS_7,2019-06-04 01:23:16,主机node_61 FullGC平均耗时：2118ms（大于阈值：1000ms）,0
562,SYS_10,2019-06-04 01:23:16,主机node_29 网卡eth0 接收流量持续10分钟平均值大于300M,0
563,SYS_8,2019-06-04 01:23:20,"主机node_88 空闲CPU为4.0%,持续15分钟小于10%",0
564,SYS_4,2019-06-04 01:23:22,主机node_81 网卡流量unknown,0
565,SYS_4,2019-06-04 01:23:22,主机node_13 **** 请求延时大于5分钟,0
566,SYS_4,2019-06-04 01:23:22,主机node_9 日志产生ERROR信息,0
567,SYS_5,2019-06-04 01:23:23,主机node_65 日志产生ERROR信息,0
568,SYS_9,2019-06-04 01:23:23,主机node_92 上CPU Steal Time持续5分钟超过10%,0
569,SYS_7,2019-06-04 01:23:25,主机node_53 HTTP:http://*************，慢响应（调用耗时超过1000ms）次数：309次（大于阈值：200次）,0
570,SYS_5,2019-06-04 01:23:25,主机node_60 端口80通信异常,1
571,SYS_1,2019-06-04 01:23:27,主机node_0 网卡eth0 接收流量持续10分钟平均值大于300M,0
572,SYS_4,2019-06-04 01:23:29,主机node_13 上CPU Steal Time持续5分钟超过10%,0
573,SYS_4,2019-06-04 01:23:29,主机node_69 上CPU Steal Time持续5分钟超过10%,0
574,SYS_4,2019-06-04 01:23:29,主机node_9 上I/O等待负载大于50%,0
575,SYS_8,2019-06-04 01:23:30,"主机node_88 空闲CPU为4.0%,持续15分钟小于10%",0
576,SYS_4,2019-06-04 01:23:30,主机node_27 上CPU Steal Time持续5分钟超过10%,0
577,SYS_4,2019-06-04 01:23:32,主机node_81 网卡流量unknown,0
578,SYS_3,2019-06-04 01:23:33,主机node_28 上I/O等待负载大于50%,0
579,SYS_6,2019-06-04 01:23:33,主机node_25 端口80通信异常,0
580,SYS_1,2019-06-04 01:23:33,主机node_33 HTTP:http://*************，慢响应（调用耗时超过1000ms）次数：309次（大于阈值：200次）,0
581,SYS_6,2019-06-04 01:23:34,主机node_67 上I/O等待负载持续15分钟超过10%,0
582,SYS_5,2019-06-04 01:23:34,"主机node_38 空闲CPU为1.52%,持续15分钟小于10%",0
583,SYS_2,2019-06-04 01:23:34,主机node_45 日志产生ERROR信息,0
584,SYS_5,2019-06-04 01:23:35,主机node_60 端口80通信异常,1
585,SYS_6,2019-06-04 01:23:37,主机node_35 堆内存平均使用率：94.61%（大于阈值：90%）,0
586,SYS_4,2019-06-04 01:23:39,主机node_13 上CPU Steal Time持续5分钟超过10%,0
587,SYS_4,2019-06-04 01:23:39,主机node_69 上CPU Steal Time持续5分钟超过10%,0
588,SYS_4,2019-06-04 01:23:39,主机node_9 上I/O等待负载大于50%,0
589,SYS_1,2019-06-04 01:23:40,"主机node_58 空闲CPU为1.52%,持续15分钟小于10%",0
590,SYS_6,2019-06-04 01:23:41,主机node_98 **application 停止运行,0
591,SYS_4,2019-06-04 01:23:42,主机node_81 网卡流量unknown,0
592,SYS_5,2019-06-04 01:23:42,主机node_76 上I/O等待负载大于50%,0
593,SYS_9,2019-06-04 01:23:43,主机node_92 上CPU Steal Time持续5分钟超过10%,0
594,SYS_5,2019-06-04 01:23:44,主机node_82 堆内存平均使用率：94.61%（大于阈值：90%）,0
595,SYS_7,2019-06-04 01:23:47,主机node_24 FullGC平均耗时：2118ms（大于阈值：1000ms）,0
596,SYS_8,2019-06-04 01:23:50,"主机node_88 空闲CPU为4.0%,持续15分钟小于10%",0
597,SYS_6,2019-06-04 01:23:51,主机node_98 **application 停止运行,0
598,SYS_5,2019-06-04 01:23:52,主机node_76 上I/O等待负载大于50%,0
599,SYS_5,2019-06-04 01:23:52,主机node_14 上I/O等待负载持续15分钟超过10%,0
600,SYS_6,2019-06-04 01:23:53,"主机node_48 空闲CPU为1.52%,持续15分钟小于10%",0
601,SYS_9,2019-06-04 01:23:53,主机node_92 上CPU Steal Time持续5分钟超过10%,0
602,SYS_5,2019-06-04 01:23:53,主机node_65 日志产生ERROR信息,0
603,SYS_5,2019-06-04 01:23:54,主机node_82 堆内存平均使用率：94.61%（大于阈值：90%）,0
604,SYS_9,2019-06-04 01:23:54,主机node_75 空闲交换空间小于50%,0
605,SYS_5,2019-06-04 01:23:55,主机node_85 url:http://node_85:80//访问失败,0
606,SYS_2,2019-06-04 01:23:55,主机node_70 分区剩余空间小于阀值10%,0
607,SYS_5,2019-06-04 01:23:55,主机node_60 端口80通信异常,1
608,SYS_4,2019-06-04 01:23:59,主机node_9 上I/O等待负载大于50%,0
609,SYS_4,2019-06-04 01:23:59,主机node_69 上CPU Steal Time持续5分钟超过10%,0
610,SYS_4,2019-06-04 01:23:59,主机node_13 上CPU Steal Time持续5分钟超过10%,0
611,SYS_8,2019-06-04 01:24:00,"主机node_88 空闲CPU为4.0%,持续15分钟小于10%",0
612,SYS_5,2019-06-04 01:24:02,主机node_14 上I/O等待负载持续15分钟超过10%,0
613,SYS_5,2019-06-04 01:24:02,主机node_76 上I/O等待负载大于50%,0
614,SYS_10,2019-06-04 01:24:03,主机node_52 上I/O等待负载持续15分钟超过10%,0
615,SYS_1,2019-06-04 01:24:03,主机node_33 HTTP:http://*************，慢响应（调用耗时超过1000ms）次数：309次（大于阈值：200次）,0
616,SYS_9,2019-06-04 01:24:03,主机node_92 上CPU Steal Time持续5分钟超过10%,0
617,SYS_9,2019-06-04 01:24:04,主机node_75 空闲交换空间小于50%,0
618,SYS_7,2019-06-04 01:24:05,主机node_53 HTTP:http://*************，慢响应（调用耗时超过1000ms）次数：309次（大于阈值：200次）,0
619,SYS_5,2019-06-04 01:24:05,主机node_60 端口80通信异常,1
620,SYS_7,2019-06-04 01:24:06,主机node_61 FullGC平均耗时：2118ms（大于阈值：1000ms）,0
621,SYS_4,2019-06-04 01:24:09,主机node_69 上CPU Steal Time持续5分钟超过10%,0
622,SYS_10,2019-06-04 01:24:09,主机node_40 端口6060通信异常,0
623,SYS_4,2019-06-04 01:24:09,主机node_9 上I/O等待负载大于50%,0
624,SYS_4,2019-06-04 01:24:09,主机node_13 上CPU Steal Time持续5分钟超过10%,0
625,SYS_8,2019-06-04 01:24:10,"主机node_88 空闲CPU为4.0%,持续15分钟小于10%",0
626,SYS_1,2019-06-04 01:24:10,"主机node_58 空闲CPU为1.52%,持续15分钟小于10%",0
627,SYS_6,2019-06-04 01:24:11,主机node_98 **application 停止运行,0
628,SYS_5,2019-06-04 01:24:13,主机node_65 日志产生ERROR信息,0
629,SYS_9,2019-06-04 01:24:13,主机node_92 上CPU Steal Time持续5分钟超过10%,0
630,SYS_5,2019-06-04 01:24:14,主机node_82 堆内存平均使用率：94.61%（大于阈值：90%）,0
631,SYS_4,2019-06-04 01:24:15,主机node_36 端口80通信异常,0
632,SYS_4,2019-06-04 01:24:15,主机node_13 日志产生ERROR信息,0
633,SYS_5,2019-06-04 01:24:15,主机node_60 端口80通信异常,1
634,SYS_7,2019-06-04 01:24:17,主机node_24 FullGC平均耗时：2118ms（大于阈值：1000ms）,0
635,SYS_4,2019-06-04 01:24:19,主机node_13 上CPU Steal Time持续5分钟超过10%,0
636,SYS_4,2019-06-04 01:24:19,主机node_69 上CPU Steal Time持续5分钟超过10%,0
637,SYS_4,2019-06-04 01:24:19,主机node_9 上I/O等待负载大于50%,0
638,SYS_4,2019-06-04 01:24:20,"主机node_72 ping丢包率100%,服务器宕机",0
639,SYS_8,2019-06-04 01:24:20,"主机node_88 空闲CPU为4.0%,持续15分钟小于10%",0
640,SYS_5,2019-06-04 01:24:22,主机node_76 上I/O等待负载大于50%,0
641,SYS_5,2019-06-04 01:24:22,主机node_14 上I/O等待负载持续15分钟超过10%,0
642,SYS_3,2019-06-04 01:24:23,主机node_28 上I/O等待负载大于50%,0
643,SYS_9,2019-06-04 01:24:24,主机node_75 空闲交换空间小于50%,0
644,SYS_5,2019-06-04 01:24:24,主机node_82 堆内存平均使用率：94.61%（大于阈值：90%）,0
645,SYS_5,2019-06-04 01:24:25,主机node_60 端口80通信异常,1
646,SYS_7,2019-06-04 01:24:27,主机node_24 FullGC平均耗时：2118ms（大于阈值：1000ms）,0
647,SYS_4,2019-06-04 01:24:29,主机node_13 上CPU Steal Time持续5分钟超过10%,0
648,SYS_4,2019-06-04 01:24:29,主机node_69 上CPU Steal Time持续5分钟超过10%,0
649,SYS_4,2019-06-04 01:24:29,主机node_9 上I/O等待负载大于50%,0
650,SYS_1,2019-06-04 01:24:30,"主机node_58 空闲CPU为1.52%,持续15分钟小于10%",0
651,SYS_4,2019-06-04 01:24:32,主机node_13 **** 请求延时大于5分钟,0
652,SYS_8,2019-06-04 01:24:32,主机node_87 HTTP:http://*************，慢响应（调用耗时超过1000ms）次数：309次（大于阈值：200次）,0
653,SYS_5,2019-06-04 01:24:32,主机node_14 上I/O等待负载持续15分钟超过10%,0
654,SYS_4,2019-06-04 01:24:32,主机node_81 网卡流量unknown,0
655,SYS_5,2019-06-04 01:24:32,主机node_14 JBOSS 8080端口的连接数大于400,0
656,SYS_5,2019-06-04 01:24:33,主机node_65 日志产生ERROR信息,0
657,SYS_9,2019-06-04 01:24:34,主机node_75 空闲交换空间小于50%,0
658,SYS_6,2019-06-04 01:24:34,主机node_67 上I/O等待负载持续15分钟超过10%,0
659,SYS_5,2019-06-04 01:24:35,主机node_14 网卡eth0 发送流量持续30分钟平均值大于700M,0
660,SYS_2,2019-06-04 01:24:35,主机node_70 分区剩余空间小于阀值10%,0
661,SYS_5,2019-06-04 01:24:35,主机node_85 url:http://node_85:80//访问失败,0
662,SYS_5,2019-06-04 01:24:35,主机node_60 端口80通信异常,1
663,SYS_10,2019-06-04 01:24:36,主机node_29 网卡eth0 接收流量持续10分钟平均值大于300M,0
664,SYS_3,2019-06-04 01:24:38,主机node_3 端口80通信异常,0
665,SYS_8,2019-06-04 01:24:40,"主机node_88 空闲CPU为4.0%,持续15分钟小于10%",0
666,SYS_5,2019-06-04 01:24:42,主机node_76 上I/O等待负载大于50%,0
667,SYS_7,2019-06-04 01:24:43,"主机node_23 ping丢包率100%,服务器宕机",0
668,SYS_5,2019-06-04 01:24:43,主机node_6 sdd IO使用率持续30分钟大于90%,0
669,SYS_9,2019-06-04 01:24:44,主机node_75 空闲交换空间小于50%,0
670,SYS_5,2019-06-04 01:24:45,主机node_60 端口80通信异常,1
671,SYS_7,2019-06-04 01:24:47,主机node_24 FullGC平均耗时：2118ms（大于阈值：1000ms）,0
672,SYS_4,2019-06-04 01:24:50,"主机node_72 ping丢包率100%,服务器宕机",0
673,SYS_1,2019-06-04 01:24:50,"主机node_58 空闲CPU为1.52%,持续15分钟小于10%",0
674,SYS_8,2019-06-04 01:24:50,"主机node_88 空闲CPU为4.0%,持续15分钟小于10%",0
675,SYS_5,2019-06-04 01:24:52,主机node_76 上I/O等待负载大于50%,0
676,SYS_5,2019-06-04 01:24:52,主机node_14 上I/O等待负载持续15分钟超过10%,0
677,SYS_6,2019-06-04 01:24:53,"主机node_48 空闲CPU为1.52%,持续15分钟小于10%",0
678,SYS_3,2019-06-04 01:24:53,主机node_28 上I/O等待负载大于50%,0
679,SYS_9,2019-06-04 01:24:53,主机node_92 上CPU Steal Time持续5分钟超过10%,0
680,SYS_6,2019-06-04 01:24:54,主机node_67 上I/O等待负载持续15分钟超过10%,0
681,SYS_9,2019-06-04 01:24:54,主机node_75 空闲交换空间小于50%,0
682,SYS_4,2019-06-04 01:24:55,主机node_36 端口80通信异常,0
683,SYS_10,2019-06-04 01:24:56,主机node_29 网卡eth0 接收流量持续10分钟平均值大于300M,0
684,SYS_1,2019-06-04 01:24:56,主机node_4 FullGC平均耗时：2118ms（大于阈值：1000ms）,0
685,SYS_5,2019-06-04 01:24:58,主机node_2 日志中有OutOfMemoryError信息,0
686,SYS_5,2019-06-04 01:25:02,主机node_76 上I/O等待负载大于50%,0
687,SYS_9,2019-06-04 01:25:03,主机node_16 日志产生ERROR信息,0
688,SYS_5,2019-06-04 01:25:03,主机node_6 sdd IO使用率持续30分钟大于90%,0
689,SYS_9,2019-06-04 01:25:03,主机node_92 上CPU Steal Time持续5分钟超过10%,0
690,SYS_3,2019-06-04 01:25:03,主机node_28 上I/O等待负载大于50%,0
691,SYS_5,2019-06-04 01:25:03,主机node_65 日志产生ERROR信息,0
692,SYS_7,2019-06-04 01:25:04,主机node_89 FullGC平均耗时：2118ms（大于阈值：1000ms）,0
693,SYS_6,2019-06-04 01:25:04,主机node_67 上I/O等待负载持续15分钟超过10%,0
694,SYS_5,2019-06-04 01:25:05,主机node_85 url:http://node_85:80//访问失败,0
695,SYS_3,2019-06-04 01:25:10,主机node_20 网卡流量unknown,0
696,SYS_8,2019-06-04 01:25:10,"主机node_88 空闲CPU为4.0%,持续15分钟小于10%",0
697,SYS_4,2019-06-04 01:25:10,主机node_27 上CPU Steal Time持续5分钟超过10%,0
698,SYS_5,2019-06-04 01:25:12,主机node_14 上I/O等待负载持续15分钟超过10%,0
